{"assets":[{"Name":"Sample.mp4","Size":432861,"Type":"video/mp4","Destination":"","Path":""},{"Name":"Sample1.mp4","Size":432861,"Type":"video/mp4","Destination":"","Path":""},{"Name":"Elephant.mp4","Size":5360888,"Type":"video/mp4","Destination":"","Path":""},{"Name":"CG1.mp4","Size":11463452,"Type":"video/mp4","Destination":"","Path":""},{"Name":"Zebra.mp4","Size":12002417,"Type":"video/mp4","Destination":"","Path":""},{"Name":"Seahorse.mp4","Size":5324530,"Type":"video/mp4","Destination":"","Path":""}]}
